selector,classifier,k,mean_f1,std_f1,mean_precision,mean_recall,mean_roc_auc,mean_pr_auc,mean_fit_seconds,mean_selected_feature_count
baseline,xgboost,all,0.9940037002416,0.00043934074845949076,0.9942879372980583,0.9937201170341825,0.9994147533436113,0.9997586657803611,0.7478190333737681,54.0
f_classif,random_forest,20,0.99389899126875,0.000607444185688718,0.9937928638156036,0.9940055662599016,0.9992788627752655,0.9996474921745188,1.298066333324338,20.0
baseline,random_forest,all,0.9936487232419747,0.0004819039582492618,0.9936489800265503,0.9936487547277529,0.9992858713447239,0.9996146019879381,1.4050301332802821,54.0
random_forest,xgboost,20,0.9936147256471402,0.00021817366733872353,0.9933671324254677,0.993862841647042,0.9991582430096718,0.9996593532599075,1.8793478665562968,20.0
f_classif,xgboost,20,0.9935055093238715,0.0003649561310279384,0.9935767456118425,0.9934346678084637,0.9991206234172035,0.9996421840803399,0.6803422999413063,20.0
random_forest,random_forest,20,0.9933648781010849,0.00048449608708353467,0.9931526518086938,0.993577392421323,0.9990427124423679,0.9994720760744119,2.187955666643878,20.0
mutual_info,xgboost,20,0.9930749350793405,0.0004964121339507113,0.9935011155329168,0.9926496824377363,0.9990610843715814,0.9996187604699779,2.0691147000373653,20.0
mutual_info,random_forest,20,0.9928633497266688,9.404017053455805e-05,0.9929362631786195,0.9927924070505959,0.9991983377972203,0.9996178798445223,15.637731533419961,20.0
