selector,classifier,k,mean_f1,std_f1,mean_precision,mean_recall,mean_roc_auc,mean_pr_auc,mean_fit_seconds,mean_selected_feature_count
mutual_info,xgboost,50,0.9504452172305534,0.0005629656497572447,0.9083704642809757,0.996607042514928,0.8004732633784452,0.9666051507189183,15.417248566557342,50.0
baseline,xgboost,all,0.9503445765932677,0.0004761173783882691,0.9081680662692273,0.9966295179592781,0.800582641487107,0.966453729964893,7.693497166736051,68.0
mutual_info,xgboost,20,0.9496498748755334,0.0004476543532194156,0.9071233809813375,0.996359867157067,0.7938604153029445,0.9656954151335889,29.179676133440807,20.0
f_classif,xgboost,50,0.9490417152229033,0.0018542657771114736,0.9060362826922718,0.9963373932274388,0.7871807758737738,0.9642109693203378,8.108382300008088,50.0
f_classif,xgboost,20,0.945137367863588,0.0016206149120652066,0.8989252848739335,0.9963598535245696,0.7395731083718676,0.9547796075578221,5.425519433338195,20.0
